experiment_name,stage_name,dataset,model_type,task,train_fraction,checkpoint,work_dir,source_path,stage_index,data_type,eval_only,load_from,load_method,save_artifact,train_windows,dataset_names,data_path,graph_path,input_len,output_len,batch_size,train/loss/mae,train/loss/mse,train/loss/total,train/metric/mae_original_after_inverse_standard_scaler,train/metric/rmse_original_after_inverse_standard_scaler,train/metric/mae,train/metric/rmse,val/loss/mae,val/dataset/LargeST_xd_part0/loss/mae,val/loss/mse,val/dataset/LargeST_xd_part0/loss/mse,val/loss/total,val/dataset/LargeST_xd_part0/loss/total,val/metric/mae_original_after_inverse_standard_scaler,val/dataset/LargeST_xd_part0/metric/mae_original_after_inverse_standard_scaler,val/metric/rmse_original_after_inverse_standard_scaler,val/dataset/LargeST_xd_part0/metric/rmse_original_after_inverse_standard_scaler,val/metric/mae,val/dataset/LargeST_xd_part0/metric/mae,val/metric/rmse,val/dataset/LargeST_xd_part0/metric/rmse,val/dataset/LargeST_xd_part1/loss/mae,val/dataset/LargeST_xd_part1/loss/mse,val/dataset/LargeST_xd_part1/loss/total,val/dataset/LargeST_xd_part1/metric/mae_original_after_inverse_standard_scaler,val/dataset/LargeST_xd_part1/metric/rmse_original_after_inverse_standard_scaler,val/dataset/LargeST_xd_part1/metric/mae,val/dataset/LargeST_xd_part1/metric/rmse,val/dataset/KnowAir/loss/mae,val/dataset/KnowAir/loss/mse,val/dataset/KnowAir/loss/total,val/dataset/KnowAir/metric/mae_original_after_inverse_standard_scaler,val/dataset/KnowAir/metric/rmse_original_after_inverse_standard_scaler,val/dataset/KnowAir/metric/mae,val/dataset/KnowAir/metric/rmse,val/dataset/Weather/loss/mae,val/dataset/Weather/loss/mse,val/dataset/Weather/loss/total,val/dataset/Weather/metric/mae_original_after_inverse_standard_scaler,val/dataset/Weather/metric/rmse_original_after_inverse_standard_scaler,val/dataset/Weather/metric/mae,val/dataset/Weather/metric/rmse,val/dataset/ETTm1/loss/mae,val/dataset/ETTm1/loss/mse,val/dataset/ETTm1/loss/total,val/dataset/ETTm1/metric/mae_original_after_inverse_standard_scaler,val/dataset/ETTm1/metric/rmse_original_after_inverse_standard_scaler,val/dataset/ETTm1/metric/mae,val/dataset/ETTm1/metric/rmse,test/loss/mae,test/dataset/LargeST_xd_part0/loss/mae,test/loss/mse,test/dataset/LargeST_xd_part0/loss/mse,test/loss/total,test/dataset/LargeST_xd_part0/loss/total,test/metric/mae_original_after_inverse_standard_scaler,test/dataset/LargeST_xd_part0/metric/mae_original_after_inverse_standard_scaler,test/metric/rmse_original_after_inverse_standard_scaler,test/dataset/LargeST_xd_part0/metric/rmse_original_after_inverse_standard_scaler,test/metric/mae,test/dataset/LargeST_xd_part0/metric/mae,test/metric/rmse,test/dataset/LargeST_xd_part0/metric/rmse,test/dataset/LargeST_xd_part1/loss/mae,test/dataset/LargeST_xd_part1/loss/mse,test/dataset/LargeST_xd_part1/loss/total,test/dataset/LargeST_xd_part1/metric/mae_original_after_inverse_standard_scaler,test/dataset/LargeST_xd_part1/metric/rmse_original_after_inverse_standard_scaler,test/dataset/LargeST_xd_part1/metric/mae,test/dataset/LargeST_xd_part1/metric/rmse,test/dataset/KnowAir/loss/mae,test/dataset/KnowAir/loss/mse,test/dataset/KnowAir/loss/total,test/dataset/KnowAir/metric/mae_original_after_inverse_standard_scaler,test/dataset/KnowAir/metric/rmse_original_after_inverse_standard_scaler,test/dataset/KnowAir/metric/mae,test/dataset/KnowAir/metric/rmse,test/dataset/Weather/loss/mae,test/dataset/Weather/loss/mse,test/dataset/Weather/loss/total,test/dataset/Weather/metric/mae_original_after_inverse_standard_scaler,test/dataset/Weather/metric/rmse_original_after_inverse_standard_scaler,test/dataset/Weather/metric/mae,test/dataset/Weather/metric/rmse,test/dataset/ETTm1/loss/mae,test/dataset/ETTm1/loss/mse,test/dataset/ETTm1/loss/total,test/dataset/ETTm1/metric/mae_original_after_inverse_standard_scaler,test/dataset/ETTm1/metric/rmse_original_after_inverse_standard_scaler,test/dataset/ETTm1/metric/mae,test/dataset/ETTm1/metric/rmse,val/revin/mean_abs,val/revin/std_mean,val/loss/mae_norm,val/metric/mae_norm,val/metric/rmse_norm,val/metric/mae_revin_raw,val/metric/rmse_revin_raw,val/metric/mae_original,val/metric/rmse_original,val/metric/mae_raw,val/metric/rmse_raw,test/revin/mean_abs,test/revin/std_mean,test/loss/mae_norm,test/metric/mae_norm,test/metric/rmse_norm,test/metric/mae_revin_raw,test/metric/rmse_revin_raw,test/metric/mae_original,test/metric/rmse_original,test/metric/mae_raw,test/metric/rmse_raw,train/revin/mean_abs,train/revin/std_mean,train/loss/mae_norm,train/loss/mse_norm,train/metric/mae_norm,train/metric/rmse_norm,train/metric/mae_revin_raw,train/metric/rmse_revin_raw,train/metric/mae_original,train/metric/rmse_original,train/metric/mae_raw,train/metric/rmse_raw,val/loss/mse_norm,test/loss/mse_norm,val/dataset/australian_electricity_demand/loss/mae,val/dataset/australian_electricity_demand/loss/mse,val/dataset/australian_electricity_demand/loss/total,val/dataset/australian_electricity_demand/metric/mae,val/dataset/australian_electricity_demand/metric/rmse,val/dataset/london_smart_meters/loss/mae,val/dataset/london_smart_meters/loss/mse,val/dataset/london_smart_meters/loss/total,val/dataset/london_smart_meters/metric/mae,val/dataset/london_smart_meters/metric/rmse,val/dataset/solar_10_minutes/loss/mae,val/dataset/solar_10_minutes/loss/mse,val/dataset/solar_10_minutes/loss/total,val/dataset/solar_10_minutes/metric/mae,val/dataset/solar_10_minutes/metric/rmse,val/dataset/solar_4_seconds/loss/mae,val/dataset/solar_4_seconds/loss/mse,val/dataset/solar_4_seconds/loss/total,val/dataset/solar_4_seconds/metric/mae,val/dataset/solar_4_seconds/metric/rmse,val/dataset/wind_farms_minutely/loss/mae,val/dataset/wind_farms_minutely/loss/mse,val/dataset/wind_farms_minutely/loss/total,val/dataset/wind_farms_minutely/metric/mae,val/dataset/wind_farms_minutely/metric/rmse,val/dataset/wind_4_seconds/loss/mae,val/dataset/wind_4_seconds/loss/mse,val/dataset/wind_4_seconds/loss/total,val/dataset/wind_4_seconds/metric/mae,val/dataset/wind_4_seconds/metric/rmse,val/dataset/weather/loss/mae,val/dataset/weather/loss/mse,val/dataset/weather/loss/total,val/dataset/weather/metric/mae,val/dataset/weather/metric/rmse,val/dataset/kdd_cup_2018/loss/mae,val/dataset/kdd_cup_2018/loss/mse,val/dataset/kdd_cup_2018/loss/total,val/dataset/kdd_cup_2018/metric/mae,val/dataset/kdd_cup_2018/metric/rmse,val/dataset/temperature_rain/loss/mae,val/dataset/temperature_rain/loss/mse,val/dataset/temperature_rain/loss/total,val/dataset/temperature_rain/metric/mae,val/dataset/temperature_rain/metric/rmse,val/dataset/saugeenday/loss/mae,val/dataset/saugeenday/loss/mse,val/dataset/saugeenday/loss/total,val/dataset/saugeenday/metric/mae,val/dataset/saugeenday/metric/rmse,val/dataset/sunspot/loss/mae,val/dataset/sunspot/loss/mse,val/dataset/sunspot/loss/total,val/dataset/sunspot/metric/mae,val/dataset/sunspot/metric/rmse,val/dataset/pedestrian_counts/loss/mae,val/dataset/pedestrian_counts/loss/mse,val/dataset/pedestrian_counts/loss/total,val/dataset/pedestrian_counts/metric/mae,val/dataset/pedestrian_counts/metric/rmse,val/dataset/kaggle_web_traffic/loss/mae,val/dataset/kaggle_web_traffic/loss/mse,val/dataset/kaggle_web_traffic/loss/total,val/dataset/kaggle_web_traffic/metric/mae,val/dataset/kaggle_web_traffic/metric/rmse,val/dataset/bitcoin/loss/mae,val/dataset/bitcoin/loss/mse,val/dataset/bitcoin/loss/total,val/dataset/bitcoin/metric/mae,val/dataset/bitcoin/metric/rmse,val/dataset/us_births/loss/mae,val/dataset/us_births/loss/mse,val/dataset/us_births/loss/total,val/dataset/us_births/metric/mae,val/dataset/us_births/metric/rmse,test/dataset/australian_electricity_demand/loss/mae,test/dataset/australian_electricity_demand/loss/mse,test/dataset/australian_electricity_demand/loss/total,test/dataset/australian_electricity_demand/metric/mae,test/dataset/australian_electricity_demand/metric/rmse,test/dataset/london_smart_meters/loss/mae,test/dataset/london_smart_meters/loss/mse,test/dataset/london_smart_meters/loss/total,test/dataset/london_smart_meters/metric/mae,test/dataset/london_smart_meters/metric/rmse,test/dataset/solar_10_minutes/loss/mae,test/dataset/solar_10_minutes/loss/mse,test/dataset/solar_10_minutes/loss/total,test/dataset/solar_10_minutes/metric/mae,test/dataset/solar_10_minutes/metric/rmse,test/dataset/solar_4_seconds/loss/mae,test/dataset/solar_4_seconds/loss/mse,test/dataset/solar_4_seconds/loss/total,test/dataset/solar_4_seconds/metric/mae,test/dataset/solar_4_seconds/metric/rmse,test/dataset/wind_farms_minutely/loss/mae,test/dataset/wind_farms_minutely/loss/mse,test/dataset/wind_farms_minutely/loss/total,test/dataset/wind_farms_minutely/metric/mae,test/dataset/wind_farms_minutely/metric/rmse,test/dataset/wind_4_seconds/loss/mae,test/dataset/wind_4_seconds/loss/mse,test/dataset/wind_4_seconds/loss/total,test/dataset/wind_4_seconds/metric/mae,test/dataset/wind_4_seconds/metric/rmse,test/dataset/weather/loss/mae,test/dataset/weather/loss/mse,test/dataset/weather/loss/total,test/dataset/weather/metric/mae,test/dataset/weather/metric/rmse,test/dataset/kdd_cup_2018/loss/mae,test/dataset/kdd_cup_2018/loss/mse,test/dataset/kdd_cup_2018/loss/total,test/dataset/kdd_cup_2018/metric/mae,test/dataset/kdd_cup_2018/metric/rmse,test/dataset/temperature_rain/loss/mae,test/dataset/temperature_rain/loss/mse,test/dataset/temperature_rain/loss/total,test/dataset/temperature_rain/metric/mae,test/dataset/temperature_rain/metric/rmse,test/dataset/saugeenday/loss/mae,test/dataset/saugeenday/loss/mse,test/dataset/saugeenday/loss/total,test/dataset/saugeenday/metric/mae,test/dataset/saugeenday/metric/rmse,test/dataset/sunspot/loss/mae,test/dataset/sunspot/loss/mse,test/dataset/sunspot/loss/total,test/dataset/sunspot/metric/mae,test/dataset/sunspot/metric/rmse,test/dataset/pedestrian_counts/loss/mae,test/dataset/pedestrian_counts/loss/mse,test/dataset/pedestrian_counts/loss/total,test/dataset/pedestrian_counts/metric/mae,test/dataset/pedestrian_counts/metric/rmse,test/dataset/kaggle_web_traffic/loss/mae,test/dataset/kaggle_web_traffic/loss/mse,test/dataset/kaggle_web_traffic/loss/total,test/dataset/kaggle_web_traffic/metric/mae,test/dataset/kaggle_web_traffic/metric/rmse,test/dataset/bitcoin/loss/mae,test/dataset/bitcoin/loss/mse,test/dataset/bitcoin/loss/total,test/dataset/bitcoin/metric/mae,test/dataset/bitcoin/metric/rmse,test/dataset/us_births/loss/mae,test/dataset/us_births/loss/mse,test/dataset/us_births/loss/total,test/dataset/us_births/metric/mae,test/dataset/us_births/metric/rmse
dpm_sr_monash15_then_traffic_sharded_transfer_12_basicts_protocol,cross_domain_stable_trunk_pretraining,LargeST_xd_part0+LargeST_xd_part1+KnowAir+Weather+ETTm1,SRDSTFMBackbone,StableResidualForecastingTask,,runs/dpm_sr_monash15_then_traffic_sharded_transfer_12_basicts_protocol/checkpoints/latest.pt,runs/dpm_sr_monash15_then_traffic_sharded_transfer_12_basicts_protocol,runs/dpm_sr_monash15_then_traffic_sharded_transfer_12_basicts_protocol/results/stage_results.json,0,MultiDatasetWindowDataModule,False,runs/dpm_sr_monash15_stable_pretrain_12/checkpoints/monash_temporal_stable_law_pretraining_last.pt,stable_trunk_channel_inflate,srd_xd_stable,,"[""LargeST_xd_part0"", ""LargeST_xd_part1"", ""KnowAir"", ""Weather"", ""ETTm1""]",,,12,12,,29.06256116823852,11973.643987710306,0.18222583334092052,29.06256116823852,78.5033414157331,29.06256116823852,78.5033414157331,24.66259573213756,37.33423587679863,6408.028845176241,3158.342604160309,0.17544523463293443,0.18552928691497073,24.66259573213756,37.33423587679863,57.576964346598835,52.29252779483795,24.66259573213756,37.33423587679863,57.576964346598835,52.29252779483795,23.357307508587837,1183.8395404815674,0.13192097889259458,23.357307508587837,32.429049983620644,23.357307508587837,32.429049983620644,42.560860991477966,24118.095733642578,0.3570276848040521,42.560860991477966,151.63361775875092,42.560860991477966,151.63361775875092,18.92503422498703,3573.224123239517,0.050121014515752904,18.92503422498703,49.56151407957077,18.92503422498703,49.56151407957077,1.135540058836341,6.642224357230589,0.1526272080373019,1.135540058836341,1.968112116213888,1.135540058836341,1.968112116213888,24.82125347391702,32.99386552721262,7743.597442740412,2269.004454731941,0.18676563508342953,0.1585538350918796,24.82125347391702,32.99386552721262,60.197968690749256,44.69490071386099,24.82125347391702,32.99386552721262,60.197968690749256,44.69490071386099,28.875146247446537,1821.3928693532944,0.16479733714368194,28.875146247446537,40.52395457774401,28.875146247446537,40.52395457774401,47.53585171699524,32086.781379699707,0.39738197275437415,47.53585171699524,176.3782149553299,47.53585171699524,176.3782149553299,13.35653206333518,2530.407767802477,0.03480928353383206,13.35653206333518,37.022516909986734,13.35653206333518,37.022516909986734,1.3448718145955354,10.400742114637978,0.17828574689337984,1.3448718145955354,2.370256296824664,1.3448718145955354,2.370256296824664,,,,,,,,,,,,,,,,,,,,,,,,,,,,,,,,,,,,,,,,,,,,,,,,,,,,,,,,,,,,,,,,,,,,,,,,,,,,,,,,,,,,,,,,,,,,,,,,,,,,,,,,,,,,,,,,,,,,,,,,,,,,,,,,,,,,,,,,,,,,,,,,,,,,,,,,,,,,,,,,,,,,,,,,,,,,,,,,,,,,,,,,,,
dpm_sr_monash15_then_traffic_sharded_transfer_12_basicts_protocol,cross_domain_residual_diffusion_pretraining,LargeST_xd_part0+LargeST_xd_part1+KnowAir+Weather+ETTm1,SRDSTFMBackbone,StableResidualForecastingTask,,runs/dpm_sr_monash15_then_traffic_sharded_transfer_12_basicts_protocol/checkpoints/latest.pt,runs/dpm_sr_monash15_then_traffic_sharded_transfer_12_basicts_protocol,runs/dpm_sr_monash15_then_traffic_sharded_transfer_12_basicts_protocol/results/stage_results.json,1,MultiDatasetWindowDataModule,False,srd_xd_stable,checkpoint,srd_xd_diffusion,,"[""LargeST_xd_part0"", ""LargeST_xd_part1"", ""KnowAir"", ""Weather"", ""ETTm1""]",,,12,12,,27.86774706058502,11018.516646059037,0.19813904324118048,27.86774706058502,76.04832379612922,27.86774706058502,76.04832379612922,23.786453348398208,36.824010133743286,5894.635028647305,3047.3169589042664,0.19109640694805421,0.20390888745896518,23.786453348398208,36.824010133743286,55.680647359788416,51.73409852385521,23.786453348398208,36.824010133743286,55.680647359788416,51.73409852385521,22.38360384106636,1090.415388584137,0.1457542758435011,22.38360384106636,31.270532771945,22.38360384106636,31.270532771945,39.56648075580597,21752.96061706543,0.3901270371861756,39.56648075580597,143.92756760120392,39.56648075580597,143.92756760120392,19.021267510950565,3575.821631014347,0.052390548487892374,19.021267510950565,49.50176937133074,19.021267510950565,49.50176937133074,1.136904500424862,6.660547668347135,0.16330128576373681,1.136904500424862,1.9692685306072235,1.136904500424862,1.9692685306072235,23.64357349020429,32.15468134731054,6692.005102547026,2133.3213737010956,0.20485060379287462,0.17656104697380215,23.64357349020429,32.15468134731054,56.83963520997204,43.7034146040678,23.64357349020429,32.15468134731054,56.83963520997204,43.7034146040678,28.221658281981945,1754.417099237442,0.18448199721751735,28.221658281981945,39.79942172020674,28.221658281981945,39.79942172020674,43.025336027145386,27026.9910736084,0.43482636800035834,43.025336027145386,161.3616788983345,43.025336027145386,161.3616788983345,13.477879200130701,2534.9935868233442,0.03735963421786437,13.477879200130701,36.97715945914388,13.477879200130701,36.97715945914388,1.3383125944528729,10.302379364846274,0.19102397255483083,1.3383125944528729,2.356501368107274,1.3383125944528729,2.356501368107274,,,,,,,,,,,,,,,,,,,,,,,,,,,,,,,,,,,,,,,,,,,,,,,,,,,,,,,,,,,,,,,,,,,,,,,,,,,,,,,,,,,,,,,,,,,,,,,,,,,,,,,,,,,,,,,,,,,,,,,,,,,,,,,,,,,,,,,,,,,,,,,,,,,,,,,,,,,,,,,,,,,,,,,,,,,,,,,,,,,,,,,,,,
dpm_sr_monash15_then_traffic_sharded_transfer_12_basicts_protocol,cross_domain_joint_refinement,LargeST_xd_part0+LargeST_xd_part1+KnowAir+Weather+ETTm1,SRDSTFMBackbone,StableResidualForecastingTask,,runs/dpm_sr_monash15_then_traffic_sharded_transfer_12_basicts_protocol/checkpoints/latest.pt,runs/dpm_sr_monash15_then_traffic_sharded_transfer_12_basicts_protocol,runs/dpm_sr_monash15_then_traffic_sharded_transfer_12_basicts_protocol/results/stage_results.json,2,MultiDatasetWindowDataModule,False,srd_xd_diffusion,checkpoint,srd_xd_joint,,"[""LargeST_xd_part0"", ""LargeST_xd_part1"", ""KnowAir"", ""Weather"", ""ETTm1""]",,,12,12,,24.917793366515635,5502.154012004184,300.13882362740634,24.917793366515635,58.57076576285958,24.917793366515635,58.57076576285958,21.923912470880897,35.98685523867607,4161.355693988781,2799.0360078811646,230.09589106040076,176.03071528673172,21.923912470880897,35.98685523867607,47.82929359925911,50.43738415837288,21.923912470880897,35.98685523867607,47.82929359925911,50.43738415837288,22.053587570786476,1032.2377381324768,73.73631861805916,22.053587570786476,30.73666089773178,22.053587570786476,30.73666089773178,34.79607534408569,15171.940704345703,793.6462907791138,34.79607534408569,119.5713632106781,34.79607534408569,119.5713632106781,15.692731022834778,1797.5881719589233,105.6118266582489,15.692731022834778,36.54213113337755,15.692731022834778,36.54213113337755,1.0903131780214608,5.97584762563929,1.4543039598502219,1.0903131780214608,1.8589285961352289,1.0903131780214608,1.8589285961352289,22.494034367287533,31.53960955142975,5091.474082199997,1937.278642654419,277.1808731437195,128.48842015862465,22.494034367287533,31.53960955142975,51.14306401526555,42.54893024265766,22.494034367287533,31.53960955142975,51.14306401526555,42.54893024265766,27.682268299162388,1660.411582827568,110.79092931747437,27.682268299162388,38.79484707117081,27.682268299162388,38.79484707117081,37.717965841293335,19481.366149902344,1012.0614950656891,37.717965841293335,135.71733397245407,37.717965841293335,135.71733397245407,14.242941554635763,2368.8996100723743,132.72444123402238,14.242941554635763,36.41005452349782,14.242941554635763,36.41005452349782,1.287386589916423,9.414425543276593,1.839079942787066,1.287386589916423,2.2441542665474117,1.287386589916423,2.2441542665474117,,,,,,,,,,,,,,,,,,,,,,,,,,,,,,,,,,,,,,,,,,,,,,,,,,,,,,,,,,,,,,,,,,,,,,,,,,,,,,,,,,,,,,,,,,,,,,,,,,,,,,,,,,,,,,,,,,,,,,,,,,,,,,,,,,,,,,,,,,,,,,,,,,,,,,,,,,,,,,,,,,,,,,,,,,,,,,,,,,,,,,,,,,
dpm_sr_monash15_then_traffic_sharded_transfer_12_basicts_protocol,metr_la_zero_shot,METR-LA_BasicTS,SRDSTFMBackbone,StableResidualForecastingTask,,runs/dpm_sr_monash15_then_traffic_sharded_transfer_12_basicts_protocol/checkpoints/latest.pt,runs/dpm_sr_monash15_then_traffic_sharded_transfer_12_basicts_protocol,runs/dpm_sr_monash15_then_traffic_sharded_transfer_12_basicts_protocol/results/stage_results.json,3,WindowDataModule,True,srd_xd_joint,checkpoint,,,,data/METR-LA_BasicTS/data.npz,data/METR-LA/adj.npz,12,12,8,,,,,,,,7.2015408909936465,,,,7.341689243562905,,7.2015408909936465,,10.387324290656148,,7.2015408909936465,,10.387324290656148,,,,,,,,,,,,,,,,,,,,,,,,,,,,,,8.595251220450747,,,,8.765213910254717,,8.595251220450747,,12.085008908211487,,8.595251220450747,,12.085008908211487,,,,,,,,,,,,,,,,,,,,,,,,,,,,,,,,,,,,,,,,,,,,,,,,,,,,,,,,,,,,,,,,,,,,,,,,,,,,,,,,,,,,,,,,,,,,,,,,,,,,,,,,,,,,,,,,,,,,,,,,,,,,,,,,,,,,,,,,,,,,,,,,,,,,,,,,,,,,,,,,,,,,,,,,,,,,,,,,,,,,,,,,,,,,,,,,,,,,,,,,,,,,,,,,,,,,,,,
dpm_sr_monash15_then_traffic_sharded_transfer_12_basicts_protocol,metr_la_five_percent_mechanism_tuning,METR-LA_BasicTS,SRDSTFMBackbone,StableResidualForecastingTask,0.05,runs/dpm_sr_monash15_then_traffic_sharded_transfer_12_basicts_protocol/checkpoints/latest.pt,runs/dpm_sr_monash15_then_traffic_sharded_transfer_12_basicts_protocol,runs/dpm_sr_monash15_then_traffic_sharded_transfer_12_basicts_protocol/results/stage_results.json,4,WindowDataModule,False,srd_xd_joint,checkpoint,,,,data/METR-LA_BasicTS/data.npz,data/METR-LA/adj.npz,12,12,8,3.920504651069641,68.03236943562825,7.4182473595937095,3.920504651069641,8.157613989512125,3.920504651069641,8.157613989512125,4.97544762254321,,129.6852378459044,,11.589244964536926,,4.97544762254321,,8.756516259880692,,4.97544762254321,,8.756516259880692,,,,,,,,,,,,,,,,,,,,,,,,,,,,,,5.636308032120698,,155.48488001075228,,13.572180960719981,,5.636308032120698,,9.628003638438374,,5.636308032120698,,9.628003638438374,,,,,,,,,,,,,,,,,,,,,,,,,,,,,,,,,,,,,,,,,,,,,,,,,,,,,,,,,,,,,,,,,,,,,,,,,,,,,,,,,,,,,,,,,,,,,,,,,,,,,,,,,,,,,,,,,,,,,,,,,,,,,,,,,,,,,,,,,,,,,,,,,,,,,,,,,,,,,,,,,,,,,,,,,,,,,,,,,,,,,,,,,,,,,,,,,,,,,,,,,,,,,,,,,,,,,,,
dpm_sr_monash15_then_traffic_sharded_transfer_12_basicts_protocol,metr_la_ten_percent_mechanism_tuning,METR-LA_BasicTS,SRDSTFMBackbone,StableResidualForecastingTask,0.1,runs/dpm_sr_monash15_then_traffic_sharded_transfer_12_basicts_protocol/checkpoints/latest.pt,runs/dpm_sr_monash15_then_traffic_sharded_transfer_12_basicts_protocol,runs/dpm_sr_monash15_then_traffic_sharded_transfer_12_basicts_protocol/results/stage_results.json,5,WindowDataModule,False,srd_xd_joint,checkpoint,,,,data/METR-LA_BasicTS/data.npz,data/METR-LA/adj.npz,12,12,8,5.629473757743836,148.68875436147053,13.214202499389648,5.629473757743836,11.621150258382162,5.629473757743836,11.621150258382162,5.047113070465589,,130.14195428096073,,11.685964695444689,,5.047113070465589,,8.783548156980057,,5.047113070465589,,8.783548156980057,,,,,,,,,,,,,,,,,,,,,,,,,,,,,,5.694878042442179,,155.86556191131717,,13.654781609005894,,5.694878042442179,,9.643194802751028,,5.694878042442179,,9.643194802751028,,,,,,,,,,,,,,,,,,,,,,,,,,,,,,,,,,,,,,,,,,,,,,,,,,,,,,,,,,,,,,,,,,,,,,,,,,,,,,,,,,,,,,,,,,,,,,,,,,,,,,,,,,,,,,,,,,,,,,,,,,,,,,,,,,,,,,,,,,,,,,,,,,,,,,,,,,,,,,,,,,,,,,,,,,,,,,,,,,,,,,,,,,,,,,,,,,,,,,,,,,,,,,,,,,,,,,,
dpm_sr_monash15_then_traffic_sharded_transfer_12_basicts_protocol,pems03_zero_shot,PEMS03_BasicTS,SRDSTFMBackbone,StableResidualForecastingTask,,runs/dpm_sr_monash15_then_traffic_sharded_transfer_12_basicts_protocol/checkpoints/latest.pt,runs/dpm_sr_monash15_then_traffic_sharded_transfer_12_basicts_protocol,runs/dpm_sr_monash15_then_traffic_sharded_transfer_12_basicts_protocol/results/stage_results.json,6,WindowDataModule,True,srd_xd_joint,checkpoint,,,,data/PEMS03_BasicTS/data.npz,data/PEMS03/adj.npz,12,12,8,,,,,,,,24.87191773191163,,,,24.94304836471815,,24.87191773191163,,34.68563456630269,,24.87191773191163,,34.68563456630269,,,,,,,,,,,,,,,,,,,,,,,,,,,,,,24.17429168666121,,,,24.243093280295682,,24.17429168666121,,34.111755752271385,,24.17429168666121,,34.111755752271385,,,,,,,,,,,,,,,,,,,,,,,,,,,,,,,,,,,,,,,,,,,,,,,,,,,,,,,,,,,,,,,,,,,,,,,,,,,,,,,,,,,,,,,,,,,,,,,,,,,,,,,,,,,,,,,,,,,,,,,,,,,,,,,,,,,,,,,,,,,,,,,,,,,,,,,,,,,,,,,,,,,,,,,,,,,,,,,,,,,,,,,,,,,,,,,,,,,,,,,,,,,,,,,,,,,,,,,
dpm_sr_monash15_then_traffic_sharded_transfer_12_basicts_protocol,pems03_five_percent_mechanism_tuning,PEMS03_BasicTS,SRDSTFMBackbone,StableResidualForecastingTask,0.05,runs/dpm_sr_monash15_then_traffic_sharded_transfer_12_basicts_protocol/checkpoints/latest.pt,runs/dpm_sr_monash15_then_traffic_sharded_transfer_12_basicts_protocol,runs/dpm_sr_monash15_then_traffic_sharded_transfer_12_basicts_protocol/results/stage_results.json,7,WindowDataModule,False,srd_xd_joint,checkpoint,,,,data/PEMS03_BasicTS/data.npz,data/PEMS03/adj.npz,12,12,8,17.79245275439638,670.4479915734494,51.37445245607935,17.79245275439638,25.81096392930156,17.79245275439638,25.81096392930156,21.83560909575014,,1158.8239601333876,,79.84864392068813,,21.83560909575014,,31.209188553312107,,21.83560909575014,,31.209188553312107,,,,,,,,,,,,,,,,,,,,,,,,,,,,,,21.12772360329971,,1143.3548932038989,,78.36433371212362,,21.12772360329971,,30.801601744355324,,21.12772360329971,,30.801601744355324,,,,,,,,,,,,,,,,,,,,,,,,,,,,,,,,,,,,,,,,,,,,,,,,,,,,,,,,,,,,,,,,,,,,,,,,,,,,,,,,,,,,,,,,,,,,,,,,,,,,,,,,,,,,,,,,,,,,,,,,,,,,,,,,,,,,,,,,,,,,,,,,,,,,,,,,,,,,,,,,,,,,,,,,,,,,,,,,,,,,,,,,,,,,,,,,,,,,,,,,,,,,,,,,,,,,,,,
dpm_sr_monash15_then_traffic_sharded_transfer_12_basicts_protocol,pems03_ten_percent_mechanism_tuning,PEMS03_BasicTS,SRDSTFMBackbone,StableResidualForecastingTask,0.1,runs/dpm_sr_monash15_then_traffic_sharded_transfer_12_basicts_protocol/checkpoints/latest.pt,runs/dpm_sr_monash15_then_traffic_sharded_transfer_12_basicts_protocol,runs/dpm_sr_monash15_then_traffic_sharded_transfer_12_basicts_protocol/results/stage_results.json,8,WindowDataModule,False,srd_xd_joint,checkpoint,,,,data/PEMS03_BasicTS/data.npz,data/PEMS03/adj.npz,12,12,8,20.972979395522685,1029.1532933578878,72.49976023562668,20.972979395522685,31.724172630890976,20.972979395522685,31.724172630890976,21.556073369147402,,1115.3175623661525,,77.3951700102498,,21.556073369147402,,30.84002407184969,,21.556073369147402,,30.84002407184969,,,,,,,,,,,,,,,,,,,,,,,,,,,,,,20.828409711215617,,1107.9472827297989,,76.2958741063911,,20.828409711215617,,30.546592345829215,,20.828409711215617,,30.546592345829215,,,,,,,,,,,,,,,,,,,,,,,,,,,,,,,,,,,,,,,,,,,,,,,,,,,,,,,,,,,,,,,,,,,,,,,,,,,,,,,,,,,,,,,,,,,,,,,,,,,,,,,,,,,,,,,,,,,,,,,,,,,,,,,,,,,,,,,,,,,,,,,,,,,,,,,,,,,,,,,,,,,,,,,,,,,,,,,,,,,,,,,,,,,,,,,,,,,,,,,,,,,,,,,,,,,,,,,
dpm_sr_monash15_then_traffic_sharded_transfer_12_basicts_protocol,pems04_zero_shot,PEMS04_BasicTS,SRDSTFMBackbone,StableResidualForecastingTask,,runs/dpm_sr_monash15_then_traffic_sharded_transfer_12_basicts_protocol/checkpoints/latest.pt,runs/dpm_sr_monash15_then_traffic_sharded_transfer_12_basicts_protocol,runs/dpm_sr_monash15_then_traffic_sharded_transfer_12_basicts_protocol/results/stage_results.json,9,WindowDataModule,True,srd_xd_joint,checkpoint,,,,data/PEMS04_BasicTS/data.npz,data/PEMS04/adj.npz,12,12,8,,,,,,,,31.467808072600885,,,,31.547876118483703,,31.467808072600885,,44.41215396718391,,31.467808072600885,,44.41215396718391,,,,,,,,,,,,,,,,,,,,,,,,,,,,,,30.405299805916883,,,,30.48250290567841,,30.405299805916883,,42.56680003613657,,30.405299805916883,,42.56680003613657,,,,,,,,,,,,,,,,,,,,,,,,,,,,,,,,,,,,,,,,,,,,,,,,,,,,,,,,,,,,,,,,,,,,,,,,,,,,,,,,,,,,,,,,,,,,,,,,,,,,,,,,,,,,,,,,,,,,,,,,,,,,,,,,,,,,,,,,,,,,,,,,,,,,,,,,,,,,,,,,,,,,,,,,,,,,,,,,,,,,,,,,,,,,,,,,,,,,,,,,,,,,,,,,,,,,,,,
dpm_sr_monash15_then_traffic_sharded_transfer_12_basicts_protocol,pems04_five_percent_mechanism_tuning,PEMS04_BasicTS,SRDSTFMBackbone,StableResidualForecastingTask,0.05,runs/dpm_sr_monash15_then_traffic_sharded_transfer_12_basicts_protocol/checkpoints/latest.pt,runs/dpm_sr_monash15_then_traffic_sharded_transfer_12_basicts_protocol,runs/dpm_sr_monash15_then_traffic_sharded_transfer_12_basicts_protocol/results/stage_results.json,10,WindowDataModule,False,srd_xd_joint,checkpoint,,,,data/PEMS04_BasicTS/data.npz,data/PEMS04/adj.npz,12,12,8,24.648151397705078,1362.903832435608,92.86556661128998,24.648151397705078,36.71904879808426,24.648151397705078,36.71904879808426,27.643716703658985,,1840.5087631370218,,119.75205891279248,,27.643716703658985,,40.54361761237773,,27.643716703658985,,40.54361761237773,,,,,,,,,,,,,,,,,,,,,,,,,,,,,,26.544090581731208,,1677.57837508866,,110.50267707228096,,26.544090581731208,,38.51824048797101,,26.544090581731208,,38.51824048797101,,,,,,,,,,,,,,,,,,,,,,,,,,,,,,,,,,,,,,,,,,,,,,,,,,,,,,,,,,,,,,,,,,,,,,,,,,,,,,,,,,,,,,,,,,,,,,,,,,,,,,,,,,,,,,,,,,,,,,,,,,,,,,,,,,,,,,,,,,,,,,,,,,,,,,,,,,,,,,,,,,,,,,,,,,,,,,,,,,,,,,,,,,,,,,,,,,,,,,,,,,,,,,,,,,,,,,,
dpm_sr_monash15_then_traffic_sharded_transfer_12_basicts_protocol,pems04_ten_percent_mechanism_tuning,PEMS04_BasicTS,SRDSTFMBackbone,StableResidualForecastingTask,0.1,runs/dpm_sr_monash15_then_traffic_sharded_transfer_12_basicts_protocol/checkpoints/latest.pt,runs/dpm_sr_monash15_then_traffic_sharded_transfer_12_basicts_protocol,runs/dpm_sr_monash15_then_traffic_sharded_transfer_12_basicts_protocol/results/stage_results.json,11,WindowDataModule,False,srd_xd_joint,checkpoint,,,,data/PEMS04_BasicTS/data.npz,data/PEMS04/adj.npz,12,12,8,25.40029053390026,1440.9618926048279,97.52697092294693,25.40029053390026,37.75947326421738,25.40029053390026,37.75947326421738,27.32881263421045,,1779.1305807393874,,116.36902285752139,,27.32881263421045,,39.951445041674575,,27.32881263421045,,39.951445041674575,,,,,,,,,,,,,,,,,,,,,,,,,,,,,,26.237239782279136,,1624.4299852994945,,107.53918476692309,,26.237239782279136,,37.97598994964672,,26.237239782279136,,37.97598994964672,,,,,,,,,,,,,,,,,,,,,,,,,,,,,,,,,,,,,,,,,,,,,,,,,,,,,,,,,,,,,,,,,,,,,,,,,,,,,,,,,,,,,,,,,,,,,,,,,,,,,,,,,,,,,,,,,,,,,,,,,,,,,,,,,,,,,,,,,,,,,,,,,,,,,,,,,,,,,,,,,,,,,,,,,,,,,,,,,,,,,,,,,,,,,,,,,,,,,,,,,,,,,,,,,,,,,,,
dpm_sr_monash15_then_traffic_sharded_transfer_12_basicts_protocol,pems07_zero_shot,PEMS07_BasicTS,SRDSTFMBackbone,StableResidualForecastingTask,,runs/dpm_sr_monash15_then_traffic_sharded_transfer_12_basicts_protocol/checkpoints/latest.pt,runs/dpm_sr_monash15_then_traffic_sharded_transfer_12_basicts_protocol,runs/dpm_sr_monash15_then_traffic_sharded_transfer_12_basicts_protocol/results/stage_results.json,12,WindowDataModule,True,srd_xd_joint,checkpoint,,,,data/PEMS07_BasicTS/data.npz,data/PEMS07/adj.npz,12,12,8,,,,,,,,35.797381011724134,,,,35.871277627361614,,35.797381011724134,,49.06008778188171,,35.797381011724134,,49.06008778188171,,,,,,,,,,,,,,,,,,,,,,,,,,,,,,36.24303963852471,,,,36.31800547365104,,36.24303963852471,,49.58213747005544,,36.24303963852471,,49.58213747005544,,,,,,,,,,,,,,,,,,,,,,,,,,,,,,,,,,,,,,,,,,,,,,,,,,,,,,,,,,,,,,,,,,,,,,,,,,,,,,,,,,,,,,,,,,,,,,,,,,,,,,,,,,,,,,,,,,,,,,,,,,,,,,,,,,,,,,,,,,,,,,,,,,,,,,,,,,,,,,,,,,,,,,,,,,,,,,,,,,,,,,,,,,,,,,,,,,,,,,,,,,,,,,,,,,,,,,,
dpm_sr_monash15_then_traffic_sharded_transfer_12_basicts_protocol,pems07_five_percent_mechanism_tuning,PEMS07_BasicTS,SRDSTFMBackbone,StableResidualForecastingTask,0.05,runs/dpm_sr_monash15_then_traffic_sharded_transfer_12_basicts_protocol/checkpoints/latest.pt,runs/dpm_sr_monash15_then_traffic_sharded_transfer_12_basicts_protocol,runs/dpm_sr_monash15_then_traffic_sharded_transfer_12_basicts_protocol/results/stage_results.json,13,WindowDataModule,False,srd_xd_joint,checkpoint,,,,data/PEMS07_BasicTS/data.npz,data/PEMS07/adj.npz,12,12,8,34.21334646332939,2562.0089767743957,162.39940060309644,34.21334646332939,50.42899919905752,34.21334646332939,50.42899919905752,29.57970270154147,,1995.7977223077505,,129.44497211016767,,29.57970270154147,,43.02765637746407,,29.57970270154147,,43.02765637746407,,,,,,,,,,,,,,,,,,,,,,,,,,,,,,29.83044308924234,,2009.3502872298825,,130.3745421522203,,29.83044308924234,,43.278397897907546,,29.83044308924234,,43.278397897907546,,,,,,,,,,,,,,,,,,,,,,,,,,,,,,,,,,,,,,,,,,,,,,,,,,,,,,,,,,,,,,,,,,,,,,,,,,,,,,,,,,,,,,,,,,,,,,,,,,,,,,,,,,,,,,,,,,,,,,,,,,,,,,,,,,,,,,,,,,,,,,,,,,,,,,,,,,,,,,,,,,,,,,,,,,,,,,,,,,,,,,,,,,,,,,,,,,,,,,,,,,,,,,,,,,,,,,,
dpm_sr_monash15_then_traffic_sharded_transfer_12_basicts_protocol,pems07_ten_percent_mechanism_tuning,PEMS07_BasicTS,SRDSTFMBackbone,StableResidualForecastingTask,0.1,runs/dpm_sr_monash15_then_traffic_sharded_transfer_12_basicts_protocol/checkpoints/latest.pt,runs/dpm_sr_monash15_then_traffic_sharded_transfer_12_basicts_protocol,runs/dpm_sr_monash15_then_traffic_sharded_transfer_12_basicts_protocol/results/stage_results.json,14,WindowDataModule,False,srd_xd_joint,checkpoint,,,,data/PEMS07_BasicTS/data.npz,data/PEMS07/adj.npz,12,12,8,33.16003288412994,2403.361177840323,153.41882173070368,33.16003288412994,48.77340806205318,33.16003288412994,48.77340806205318,29.97695003498669,,2019.9916163481146,,131.05545990022793,,29.97695003498669,,43.23573628530055,,29.97695003498669,,43.23573628530055,,,,,,,,,,,,,,,,,,,,,,,,,,,,,,30.275834548863376,,2038.020830678058,,132.25732346991896,,30.275834548863376,,43.54816873721344,,30.275834548863376,,43.54816873721344,,,,,,,,,,,,,,,,,,,,,,,,,,,,,,,,,,,,,,,,,,,,,,,,,,,,,,,,,,,,,,,,,,,,,,,,,,,,,,,,,,,,,,,,,,,,,,,,,,,,,,,,,,,,,,,,,,,,,,,,,,,,,,,,,,,,,,,,,,,,,,,,,,,,,,,,,,,,,,,,,,,,,,,,,,,,,,,,,,,,,,,,,,,,,,,,,,,,,,,,,,,,,,,,,,,,,,,
dpm_sr_monash15_then_traffic_sharded_transfer_12_basicts_protocol,pems08_zero_shot,PEMS08_BasicTS,SRDSTFMBackbone,StableResidualForecastingTask,,runs/dpm_sr_monash15_then_traffic_sharded_transfer_12_basicts_protocol/checkpoints/latest.pt,runs/dpm_sr_monash15_then_traffic_sharded_transfer_12_basicts_protocol,runs/dpm_sr_monash15_then_traffic_sharded_transfer_12_basicts_protocol/results/stage_results.json,15,WindowDataModule,True,srd_xd_joint,checkpoint,,,,data/PEMS08_BasicTS/data.npz,data/PEMS08/adj.npz,12,12,8,,,,,,,,26.31157251950857,,,,26.38417901863923,,26.31157251950857,,36.752277436557115,,26.31157251950857,,36.752277436557115,,,,,,,,,,,,,,,,,,,,,,,,,,,,,,25.494945197492033,,,,25.565158719415063,,25.494945197492033,,35.23594303174062,,25.494945197492033,,35.23594303174062,,,,,,,,,,,,,,,,,,,,,,,,,,,,,,,,,,,,,,,,,,,,,,,,,,,,,,,,,,,,,,,,,,,,,,,,,,,,,,,,,,,,,,,,,,,,,,,,,,,,,,,,,,,,,,,,,,,,,,,,,,,,,,,,,,,,,,,,,,,,,,,,,,,,,,,,,,,,,,,,,,,,,,,,,,,,,,,,,,,,,,,,,,,,,,,,,,,,,,,,,,,,,,,,,,,,,,,
dpm_sr_monash15_then_traffic_sharded_transfer_12_basicts_protocol,pems08_five_percent_mechanism_tuning,PEMS08_BasicTS,SRDSTFMBackbone,StableResidualForecastingTask,0.05,runs/dpm_sr_monash15_then_traffic_sharded_transfer_12_basicts_protocol/checkpoints/latest.pt,runs/dpm_sr_monash15_then_traffic_sharded_transfer_12_basicts_protocol,runs/dpm_sr_monash15_then_traffic_sharded_transfer_12_basicts_protocol/results/stage_results.json,16,WindowDataModule,False,srd_xd_joint,checkpoint,,,,data/PEMS08_BasicTS/data.npz,data/PEMS08/adj.npz,12,12,8,21.650441041633265,1061.792631690182,74.81876230951565,21.650441041633265,32.45585270782015,21.650441041633265,32.45585270782015,21.937037516284633,,1170.2563051790805,,80.52866804062784,,21.937037516284633,,32.246459711779345,,21.937037516284633,,32.246459711779345,,,,,,,,,,,,,,,,,,,,,,,,,,,,,,21.137431970587723,,1069.1584972347225,,74.67164869995804,,21.137431970587723,,30.614198813567292,,21.137431970587723,,30.614198813567292,,,,,,,,,,,,,,,,,,,,,,,,,,,,,,,,,,,,,,,,,,,,,,,,,,,,,,,,,,,,,,,,,,,,,,,,,,,,,,,,,,,,,,,,,,,,,,,,,,,,,,,,,,,,,,,,,,,,,,,,,,,,,,,,,,,,,,,,,,,,,,,,,,,,,,,,,,,,,,,,,,,,,,,,,,,,,,,,,,,,,,,,,,,,,,,,,,,,,,,,,,,,,,,,,,,,,,,
dpm_sr_monash15_then_traffic_sharded_transfer_12_basicts_protocol,pems08_ten_percent_mechanism_tuning,PEMS08_BasicTS,SRDSTFMBackbone,StableResidualForecastingTask,0.1,runs/dpm_sr_monash15_then_traffic_sharded_transfer_12_basicts_protocol/checkpoints/latest.pt,runs/dpm_sr_monash15_then_traffic_sharded_transfer_12_basicts_protocol,runs/dpm_sr_monash15_then_traffic_sharded_transfer_12_basicts_protocol/results/stage_results.json,17,WindowDataModule,False,srd_xd_joint,checkpoint,,,,data/PEMS08_BasicTS/data.npz,data/PEMS08/adj.npz,12,12,8,20.047191135918915,924.7255021280317,66.35631658070123,20.047191135918915,30.274182832063133,20.047191135918915,30.274182832063133,21.792295438749296,,1157.1797708219235,,79.73058408015483,,21.792295438749296,,32.050872841396846,,21.792295438749296,,32.050872841396846,,,,,,,,,,,,,,,,,,,,,,,,,,,,,,21.021802962363303,,1056.916986671654,,73.94446133922887,,21.021802962363303,,30.434558215442003,,21.021802962363303,,30.434558215442003,,,,,,,,,,,,,,,,,,,,,,,,,,,,,,,,,,,,,,,,,,,,,,,,,,,,,,,,,,,,,,,,,,,,,,,,,,,,,,,,,,,,,,,,,,,,,,,,,,,,,,,,,,,,,,,,,,,,,,,,,,,,,,,,,,,,,,,,,,,,,,,,,,,,,,,,,,,,,,,,,,,,,,,,,,,,,,,,,,,,,,,,,,,,,,,,,,,,,,,,,,,,,,,,,,,,,,,
dpm_sr_monash15_then_traffic_sharded_transfer_12_basicts_protocol,etth2_zero_shot,ETTh2,SRDSTFMBackbone,StableResidualForecastingTask,,runs/dpm_sr_monash15_then_traffic_sharded_transfer_12_basicts_protocol/checkpoints/latest.pt,runs/dpm_sr_monash15_then_traffic_sharded_transfer_12_basicts_protocol,runs/dpm_sr_monash15_then_traffic_sharded_transfer_12_basicts_protocol/results/stage_results.json,18,WindowDataModule,True,srd_xd_joint,checkpoint,,,,data/ETTh2/data.npz,data/ETTh2/adj.npz,12,12,8,,,,,,,,2.3344802611095963,,,,3.307134693861008,,,,,,,,,,,,,,,,,,,,,,,,,,,,,,,,,,,,,,2.010974376326896,,,,2.835632315099102,,,,,,,,,,,,,,,,,,,,,,,,,,,,,,,,,,,,,,15.09462469234023,1.9333110096149666,2.3344802611095963,2.3344802611095963,5.672968564754308,2.7942944957766422,4.383490207306174,2.7942944924498714,4.383490207306174,2.7942944957766422,4.383490207306174,17.07979424941347,1.806087843402704,2.010974376326896,2.010974376326896,3.75788950892574,2.5997647413549467,3.948572031895503,2.5997647430068076,3.948572033547364,2.5997647413549467,3.948572031895503,,,,,,,,,,,,,,,,,,,,,,,,,,,,,,,,,,,,,,,,,,,,,,,,,,,,,,,,,,,,,,,,,,,,,,,,,,,,,,,,,,,,,,,,,,,,,,,,,,,,,,,,,,,,,,,,,,,,,,,,,,,,,,,,,,,,,,,,,,,,,,,,,,,,,,,,,,,,,,,,,,,,
dpm_sr_monash15_then_traffic_sharded_transfer_12_basicts_protocol,etth2_five_percent_mechanism_tuning,ETTh2,SRDSTFMBackbone,StableResidualForecastingTask,0.05,runs/dpm_sr_monash15_then_traffic_sharded_transfer_12_basicts_protocol/checkpoints/latest.pt,runs/dpm_sr_monash15_then_traffic_sharded_transfer_12_basicts_protocol,runs/dpm_sr_monash15_then_traffic_sharded_transfer_12_basicts_protocol/results/stage_results.json,19,WindowDataModule,False,srd_xd_joint,checkpoint,,,,data/ETTh2/data.npz,data/ETTh2/adj.npz,12,12,8,1.4063785687873238,8.13427681358237,2.3917917609214783,,,,,2.2092256681863653,,83.51691315479057,,7.29851282918176,,,,,,,,,,,,,,,,,,,,,,,,,,,,,,,,,,,,,,1.8539844452646532,,46.13726041925422,,4.913698338195854,,,,,,,,,,,,,,,,,,,,,,,,,,,,,,,,,,,,,,15.09462469234023,1.9333110096149666,2.2092256681863653,2.2092256681863653,5.538073584922524,2.409848474347314,3.726463010144788,2.409848474901776,3.7264630079269407,2.409848474347314,3.726463010144788,17.07979424941347,1.806087843402704,1.8539844452646532,1.8539844452646532,3.58322263686266,2.1735985336210106,3.1857095971944425,2.1735985333457,3.1857095955425816,2.1735985336210106,3.1857095971944425,22.379291785390752,1.7568666621258384,1.4063785687873238,8.13427681358237,1.4063785687873238,2.708834411282288,2.1099583286988106,3.1713690914605794,2.1099583286988106,3.1713690851864063,2.1099583286988106,3.1713690914605794,83.51691315479057,46.13726041925422,,,,,,,,,,,,,,,,,,,,,,,,,,,,,,,,,,,,,,,,,,,,,,,,,,,,,,,,,,,,,,,,,,,,,,,,,,,,,,,,,,,,,,,,,,,,,,,,,,,,,,,,,,,,,,,,,,,,,,,,,,,,,,,,,,,,,,,,,,,,,,,,,,,,,,
dpm_sr_monash15_then_traffic_sharded_transfer_12_basicts_protocol,pems_bay_zero_shot,PEMS-BAY_BasicTS,SRDSTFMBackbone,StableResidualForecastingTask,,runs/dpm_sr_monash15_then_traffic_sharded_transfer_12_basicts_protocol/checkpoints/latest.pt,runs/dpm_sr_monash15_then_traffic_sharded_transfer_12_basicts_protocol,runs/dpm_sr_monash15_then_traffic_sharded_transfer_12_basicts_protocol/results/stage_results.json,20,WindowDataModule,True,srd_xd_joint,checkpoint,,,,data/PEMS-BAY_BasicTS/data.npz,data/PEMS-BAY/adj.npz,12,12,8,,,,,,,,3.1984141914429394,,,,3.331386032016325,,3.1984141914429394,,5.2519445867494365,,3.1984141914429394,,5.2519445867494365,,,,,,,,,,,,,,,,,,,,,,,,,,,,,,2.9182372394659994,,,,3.039369833093712,,2.9182372394659994,,4.801095298031126,,2.9182372394659994,,4.801095298031126,,,,,,,,,,,,,,,,,,,,,,,,,,,,,,,,,,,,,,,,,,,,,,,,,,,,,,,,,,,,,,,,,,,,,,,,,,,,,,,,,,,,,,,,,,,,,,,,,,,,,,,,,,,,,,,,,,,,,,,,,,,,,,,,,,,,,,,,,,,,,,,,,,,,,,,,,,,,,,,,,,,,,,,,,,,,,,,,,,,,,,,,,,,,,,,,,,,,,,,,,,,,,,,,,,,,,,,
dpm_sr_monash15_then_traffic_sharded_transfer_12_basicts_protocol,pems_bay_five_percent_mechanism_tuning,PEMS-BAY_BasicTS,SRDSTFMBackbone,StableResidualForecastingTask,0.05,runs/dpm_sr_monash15_then_traffic_sharded_transfer_12_basicts_protocol/checkpoints/latest.pt,runs/dpm_sr_monash15_then_traffic_sharded_transfer_12_basicts_protocol,runs/dpm_sr_monash15_then_traffic_sharded_transfer_12_basicts_protocol/results/stage_results.json,21,WindowDataModule,False,srd_xd_joint,checkpoint,,,,data/PEMS-BAY_BasicTS/data.npz,data/PEMS-BAY/adj.npz,12,12,8,1.875092179105993,17.55212493214691,2.8409702903346012,1.875092179105993,4.067109849892165,1.875092179105993,4.067109849892165,2.364581864493654,,27.899726640461772,,3.867953274485143,,2.364581864493654,,4.41349617670791,,2.364581864493654,,4.41349617670791,,,,,,,,,,,,,,,,,,,,,,,,,,,,,,2.14737668301306,,23.333837093617895,,3.4115677801670246,,2.14737668301306,,4.0262036240165004,,2.14737668301306,,4.0262036240165004,,,,,,,,,,,,,,,,,,,,,,,,,,,,,,,,,,,,,,,,,,,,,,,,,,,,,,,,,,,,,,,,,,,,,,,,,,,,,,,,,,,,,,,,,,,,,,,,,,,,,,,,,,,,,,,,,,,,,,,,,,,,,,,,,,,,,,,,,,,,,,,,,,,,,,,,,,,,,,,,,,,,,,,,,,,,,,,,,,,,,,,,,,,,,,,,,,,,,,,,,,,,,,,,,,,,,,,
dpm_sr_monash15_then_traffic_sharded_transfer_12_basicts_protocol,pems_bay_ten_percent_mechanism_tuning,PEMS-BAY_BasicTS,SRDSTFMBackbone,StableResidualForecastingTask,0.1,runs/dpm_sr_monash15_then_traffic_sharded_transfer_12_basicts_protocol/checkpoints/latest.pt,runs/dpm_sr_monash15_then_traffic_sharded_transfer_12_basicts_protocol,runs/dpm_sr_monash15_then_traffic_sharded_transfer_12_basicts_protocol/results/stage_results.json,22,WindowDataModule,False,srd_xd_joint,checkpoint,,,,data/PEMS-BAY_BasicTS/data.npz,data/PEMS-BAY/adj.npz,12,12,8,2.0658484642442905,20.134725103252812,3.1719572196404138,2.0658484642442905,4.36481568112708,2.0658484642442905,4.36481568112708,2.309324730709999,,27.33458033346432,,3.7896272371105493,,2.309324730709999,,4.404314313904714,,2.309324730709999,,4.404314313904714,,,,,,,,,,,,,,,,,,,,,,,,,,,,,,2.1065704454191825,,22.77963067805373,,3.3471488273207908,,2.1065704454191825,,4.01322069276213,,2.1065704454191825,,4.01322069276213,,,,,,,,,,,,,,,,,,,,,,,,,,,,,,,,,,,,,,,,,,,,,,,,,,,,,,,,,,,,,,,,,,,,,,,,,,,,,,,,,,,,,,,,,,,,,,,,,,,,,,,,,,,,,,,,,,,,,,,,,,,,,,,,,,,,,,,,,,,,,,,,,,,,,,,,,,,,,,,,,,,,,,,,,,,,,,,,,,,,,,,,,,,,,,,,,,,,,,,,,,,,,,,,,,,,,,,
dpm_sr_monash15_then_traffic_sharded_transfer_12_basicts_protocol,weather_tgt_zero_shot,Weather,SRDSTFMBackbone,StableResidualForecastingTask,,runs/dpm_sr_monash15_then_traffic_sharded_transfer_12_basicts_protocol/checkpoints/latest.pt,runs/dpm_sr_monash15_then_traffic_sharded_transfer_12_basicts_protocol,runs/dpm_sr_monash15_then_traffic_sharded_transfer_12_basicts_protocol/results/stage_results.json,23,WindowDataModule,True,srd_xd_joint,checkpoint,,,,data/Weather/data.npz,data/Weather/adj.npz,12,12,8,,,,,,,,12.769032833325427,,,,18.132740799246765,,,,,,,,,,,,,,,,,,,,,,,,,,,,,,,,,,,,,,12.84889798658429,,,,18.253850433853643,,,,,,,,,,,,,,,,,,,,,,,,,,,,,,,,,,,,,,184.3016386729915,11.0370318443946,12.769032833325427,12.769032833325427,86.12208754832788,15.776201216367687,51.17488154987009,15.776201194561109,51.17488146555133,15.776201216367687,51.17488154987009,167.1291547419907,5.944069923624793,12.84889798658429,12.84889798658429,87.46578058525637,8.63839071751094,29.61224330178685,8.638390719867932,29.612243333787518,8.63839071751094,29.61224330178685,,,,,,,,,,,,,,,,,,,,,,,,,,,,,,,,,,,,,,,,,,,,,,,,,,,,,,,,,,,,,,,,,,,,,,,,,,,,,,,,,,,,,,,,,,,,,,,,,,,,,,,,,,,,,,,,,,,,,,,,,,,,,,,,,,,,,,,,,,,,,,,,,,,,,,,,,,,,,,,,,,,,
dpm_sr_monash15_then_traffic_sharded_transfer_12_basicts_protocol,weather_tgt_five_percent_mechanism_tuning,Weather,SRDSTFMBackbone,StableResidualForecastingTask,0.05,runs/dpm_sr_monash15_then_traffic_sharded_transfer_12_basicts_protocol/checkpoints/latest.pt,runs/dpm_sr_monash15_then_traffic_sharded_transfer_12_basicts_protocol,runs/dpm_sr_monash15_then_traffic_sharded_transfer_12_basicts_protocol/results/stage_results.json,24,WindowDataModule,False,srd_xd_joint,checkpoint,,,,data/Weather/data.npz,data/Weather/adj.npz,12,12,8,12.658868799994002,65844.87521064642,3310.0038073062897,,,,,13.367466208047983,,56155.719623912395,,2826.6351997630627,,,,,,,,,,,,,,,,,,,,,,,,,,,,,,,,,,,,,,13.625461897650599,,68416.14001280835,,3439.9880523301804,,,,,,,,,,,,,,,,,,,,,,,,,,,,,,,,,,,,,,184.3016386729915,11.0370318443946,13.367466208047983,13.367466208047983,86.69200780006443,17.99193609751216,65.31551900796774,17.991936086245428,65.31551901087528,17.99193609751216,65.31551900796774,167.1291547419907,5.944069923624793,13.625461897650599,13.625461897650599,88.29113029971322,10.336771505323199,40.63051955165065,10.336771508269436,40.63051958664288,10.336771505323199,40.63051955165065,165.506099155971,5.093570513384683,12.658868799994002,65844.87521064642,12.658868799994002,152.63408399866773,9.33304791068618,49.414099953391336,9.333047901397144,49.41409993274903,9.33304791068618,49.414099953391336,56155.719623912395,68416.14001280835,,,,,,,,,,,,,,,,,,,,,,,,,,,,,,,,,,,,,,,,,,,,,,,,,,,,,,,,,,,,,,,,,,,,,,,,,,,,,,,,,,,,,,,,,,,,,,,,,,,,,,,,,,,,,,,,,,,,,,,,,,,,,,,,,,,,,,,,,,,,,,,,,,,,,,
dpm_sr_monash15_then_traffic_sharded_transfer_12_basicts_protocol,electricity_zero_shot,Electricity,SRDSTFMBackbone,StableResidualForecastingTask,,runs/dpm_sr_monash15_then_traffic_sharded_transfer_12_basicts_protocol/checkpoints/latest.pt,runs/dpm_sr_monash15_then_traffic_sharded_transfer_12_basicts_protocol,runs/dpm_sr_monash15_then_traffic_sharded_transfer_12_basicts_protocol/results/stage_results.json,25,WindowDataModule,True,srd_xd_joint,checkpoint,,,,data/Electricity/data.npz,data/Electricity/adj.npz,12,12,8,,,,,,,,7.012448045922203,,,,9.851369797452096,,,,,,,,,,,,,,,,,,,,,,,,,,,,,,,,,,,,,,10.969258853133399,,,,15.434142022096474,,,,,,,,,,,,,,,,,,,,,,,,,,,,,,,,,,,,,,2217.9521398251773,590.7823389907556,7.012448045922203,7.012448045922203,128.98931361670876,1026.889786421887,7809.289735010065,1026.8897890430287,7809.289727521089,1026.889786421887,7809.289735010065,2653.019089933206,779.4031465253757,10.969258853133399,10.969258853133399,217.832616011969,1372.8989293688126,12916.401775330987,1372.898929648363,12916.401776821922,1372.8989293688126,12916.401775330987,,,,,,,,,,,,,,,,,,,,,,,,,,,,,,,,,,,,,,,,,,,,,,,,,,,,,,,,,,,,,,,,,,,,,,,,,,,,,,,,,,,,,,,,,,,,,,,,,,,,,,,,,,,,,,,,,,,,,,,,,,,,,,,,,,,,,,,,,,,,,,,,,,,,,,,,,,,,,,,,,,,,
dpm_sr_monash15_then_traffic_sharded_transfer_12_basicts_protocol,electricity_five_percent_mechanism_tuning,Electricity,SRDSTFMBackbone,StableResidualForecastingTask,0.05,runs/dpm_sr_monash15_then_traffic_sharded_transfer_12_basicts_protocol/checkpoints/latest.pt,runs/dpm_sr_monash15_then_traffic_sharded_transfer_12_basicts_protocol,runs/dpm_sr_monash15_then_traffic_sharded_transfer_12_basicts_protocol/results/stage_results.json,26,WindowDataModule,False,srd_xd_joint,checkpoint,,,,data/Electricity/data.npz,data/Electricity/adj.npz,12,12,8,14.070393307312676,187905.969188657,9414.713400907101,,,,,9.422529050177591,,30557.799328950285,,1540.394288566215,,,,,,,,,,,,,,,,,,,,,,,,,,,,,,,,,,,,,,13.426320281283546,,2172794.03536787,,108657.83608332045,,,,,,,,,,,,,,,,,,,,,,,,,,,,,,,,,,,,,,2217.9521398251773,590.7823389907556,9.422529050177591,9.422529050177591,137.17699372110192,1145.7216298858082,9664.029806125383,1145.7216313836034,9664.029818856643,1145.7216298858082,9664.029806125383,2653.019089933206,779.4031465253757,13.426320281283546,13.426320281283546,225.3470881833375,1496.3341426936724,18489.561182386093,1496.3341426936724,18489.561179776956,1496.3341426936724,18489.561182386093,2310.357281759511,582.1137145996094,14.070393307312676,187905.969188657,14.070393307312676,372.8773393548053,1041.0230155613112,8058.873666779891,1041.0230144998302,8058.873662533967,1041.0230155613112,8058.873666779891,30557.799328950285,2172794.03536787,,,,,,,,,,,,,,,,,,,,,,,,,,,,,,,,,,,,,,,,,,,,,,,,,,,,,,,,,,,,,,,,,,,,,,,,,,,,,,,,,,,,,,,,,,,,,,,,,,,,,,,,,,,,,,,,,,,,,,,,,,,,,,,,,,,,,,,,,,,,,,,,,,,,,,
opencity_monash15_then_mixed_sharded_transfer_12_basicts_protocol,monash_temporal_warmup,australian_electricity_demand+london_smart_meters+solar_10_minutes+solar_4_seconds+wind_farms_minutely+wind_4_seconds+weather+kdd_cup_2018+temperature_rain+saugeenday+sunspot+pedestrian_counts+kaggle_web_traffic+bitcoin+us_births,OpenCityFoundationModel,ForecastingTask,,runs/opencity_monash15_then_mixed_sharded_transfer_12_basicts_protocol/checkpoints/latest.pt,runs/opencity_monash15_then_mixed_sharded_transfer_12_basicts_protocol,runs/opencity_monash15_then_mixed_sharded_transfer_12_basicts_protocol/results/stage_results.json,0,MonashMultiDatasetWindowDataModule,False,,checkpoint,opencity_monash15_warmup,,"[""australian_electricity_demand"", ""london_smart_meters"", ""solar_10_minutes"", ""solar_4_seconds"", ""wind_farms_minutely"", ""wind_4_seconds"", ""weather"", ""kdd_cup_2018"", ""temperature_rain"", ""saugeenday"", ""sunspot"", ""pedestrian_counts"", ""kaggle_web_traffic"", ""bitcoin"", ""us_births""]",,,12,12,,2.7534227614676143,98927.8270569303,4949.14492260573,,,2.7534227614676143,7.255971975492824,1.7688974025125086,,28.04775463288066,,3.1712851571684495,,,,,,1.7688974025125086,,2.3580581974165096,,,,,,,,,,,,,,,,,,,,,,,,,,,,,,2.0360164647743053,,199.83348893290957,,12.027691175737088,,,,,,2.0360164647743053,,3.081228882211174,,,,,,,,,,,,,,,,,,,,,,,,,,,,,,,,,,,,,,,,,,,,,,,,,,,,,,,,,,,,,,,,,,4.110624990426004,45.05927843647078,6.363588907755911,4.110624990426004,4.75870762206614,1.8174757163506001,27.179780788486823,3.1764647704549134,1.8174757163506001,3.207976318895817,2.1006805275028455,26.881720194060122,3.444766555347087,2.1006805275028455,2.623063648581592,0.0002017964725382626,6.951457720560938e-08,0.00020179995044600219,0.0002017964725382626,0.00026365616940893233,1.2084033801220357,2.386168352793902,1.3277117926627398,1.2084033801220357,1.461651923134923,0.15242835039680358,0.2169039666587782,0.16327354655732051,0.15242835039680358,0.17992177185806213,1.4625263162888587,28.76324322936125,2.9006885020062327,1.4625263162888587,3.1552638872526586,3.6210543643683195,53.95697545306757,6.318903237581253,3.6210543643683195,4.381462100893259,1.258410278743213,11.317241942816292,1.8242723923688118,1.258410278743213,2.0422929945229953,4.37097344500944,196.5464635125827,14.19829678721726,4.37097344500944,5.874257574323565,1.6923634954728186,5.101363384630531,1.9474316709674895,1.6923634954728186,1.9589329436421394,2.746033546514809,18.34042156022042,3.6630546376109123,2.746033546514809,3.2106779469177127,1.0463240081444383,3.8173063077265397,1.2371893199160695,1.0463240081444383,1.4502344359643757,0.0002017964725382626,6.951457720560938e-08,0.00020179995044600219,0.0002017964725382626,0.00026365616940893233,0.9457590254023671,1.14945222530514,1.0032316371798515,0.9457590254023671,1.0659024808555841,2.299839674960822,8.494337914395146,2.7245565727353096,2.299839674960822,2.5732383225113153,2.1259835679084063,23.73895447375253,3.312931314809248,2.1259835679084063,3.1536583434790373,3.112757087814316,220.14842871682913,14.120178319732531,3.112757087814316,4.377463282936333,0.03977000370014139,0.06199836278513604,0.04286992107313381,0.03977000370014139,0.04529302954369996,1.7764665577560663,7.378768007270992,2.145404960028827,1.7764665577560663,2.1483687022700906,1.4847932042703178,11.45709325217059,2.057647868859476,1.4847932042703178,1.820064206470306,2.566317901975708,460.52582487705513,25.59260894570616,2.566317901975708,7.4102618478937075,2.7192183437291533,26.69858202850446,4.054147441172972,2.7192183437291533,3.266520436387509,1.2553180987015367,7.023138917924371,1.606475063599646,1.2553180987015367,1.690820339601487,6.691380681004375,2203.309947951231,116.85688236542046,6.691380681004375,11.80647516110912,1.9033897679764777,7.130380018381402,2.2599087739363313,1.9033897679764777,2.199780669528991,2.567704040557146,15.445280900225043,3.3399681076407433,2.567704040557146,3.0789919206872582,1.0632525365799665,4.944047440018039,1.3104549199342728,1.0632525365799665,1.5831933135632426,0.0002017964725382626,6.951457720560938e-08,0.00020179995044600219,0.0002017964725382626,0.00026365616940893233,0.9338537082076073,1.1455510635860264,0.9911312614567578,0.9338537082076073,1.0640400010161102
opencity_monash15_then_mixed_sharded_transfer_12_basicts_protocol,mixed_domain_pretrain,LargeST_xd_part0+LargeST_xd_part1+KnowAir+Weather+ETTm1,OpenCityFoundationModel,ForecastingTask,,runs/opencity_monash15_then_mixed_sharded_transfer_12_basicts_protocol/checkpoints/latest.pt,runs/opencity_monash15_then_mixed_sharded_transfer_12_basicts_protocol,runs/opencity_monash15_then_mixed_sharded_transfer_12_basicts_protocol/results/stage_results.json,1,MultiDatasetWindowDataModule,False,opencity_monash15_warmup,foundation_channel_inflate,opencity_xd_mixed,,"[""LargeST_xd_part0"", ""LargeST_xd_part1"", ""KnowAir"", ""Weather"", ""ETTm1""]",,,12,12,,23.433666072031855,6177.218690145621,332.29460611130895,,,23.433666072031855,58.46923625582457,22.25381363565102,31.614193633198738,4690.237166377343,2305.765872001648,256.76567583279683,146.9024885892868,,,,,22.25381363565102,31.614193633198738,48.38343303836882,45.09359733760357,20.92190808057785,950.0461857318878,68.42421820759773,,,20.92190808057785,29.383646309375763,42.720639646053314,18935.492568969727,989.4952850341797,,,42.720639646053314,134.12673437595367,14.960983596742153,1254.2677439451218,77.6743710488081,,,14.960983596742153,31.515562549233437,1.0513432216830552,5.613461238332093,1.3320162841118872,,,1.0513432216830552,1.7976246196776628,23.847129685571417,28.875333294272423,7162.423116530525,1706.5433056354523,381.96829153043217,114.20249982178211,,,,,23.847129685571417,28.875333294272423,57.15840660780668,39.532468892633915,25.20215978473425,1387.5299285650253,94.57865731418133,,,25.20215978473425,35.610405288636684,48.09283545613289,29855.82991027832,1540.884358406067,,,48.09283545613289,168.93740916252136,15.746922213584185,2853.448709845543,158.41935801133513,,,15.746922213584185,39.43851628154516,1.3183976791333407,8.763728328282014,1.7565840987954289,,,1.3183976791333407,2.273233413696289,,,,,,,,,,,,,,,,,,,,,,,,,,,,,,,,,,,,,,,,,,,,,,,,,,,,,,,,,,,,,,,,,,,,,,,,,,,,,,,,,,,,,,,,,,,,,,,,,,,,,,,,,,,,,,,,,,,,,,,,,,,,,,,,,,,,,,,,,,,,,,,,,,,,,,,,,,,,,,,,,,,,,,,,,,,,,,,,,,,,,,,,,,
opencity_monash15_then_mixed_sharded_transfer_12_basicts_protocol,metr_la_zero_shot,METR-LA_BasicTS,OpenCityFoundationModel,ForecastingTask,,runs/opencity_monash15_then_mixed_sharded_transfer_12_basicts_protocol/checkpoints/latest.pt,runs/opencity_monash15_then_mixed_sharded_transfer_12_basicts_protocol,runs/opencity_monash15_then_mixed_sharded_transfer_12_basicts_protocol/results/stage_results.json,2,WindowDataModule,True,opencity_xd_mixed,checkpoint,,,,data/METR-LA_BasicTS/data.npz,data/METR-LA/adj.npz,12,12,8,,,,,,,,6.484333656203579,,,,6.484333656203579,,,,,,6.484333656203579,,10.053639203729764,,,,,,,,,,,,,,,,,,,,,,,,,,,,,,7.396784672134095,,,,7.396784672134095,,,,,,7.396784672134095,,11.110369166389841,,,,,,,,,,,,,,,,,,,,,,,,,,,,,,,,,,,,,,,,,,,,,,,,,,,,,,,,,,,,,,,,,,,,,,,,,,,,,,,,,,,,,,,,,,,,,,,,,,,,,,,,,,,,,,,,,,,,,,,,,,,,,,,,,,,,,,,,,,,,,,,,,,,,,,,,,,,,,,,,,,,,,,,,,,,,,,,,,,,,,,,,,,,,,,,,,,,,,,,,,,,,,,,,,,,,,,,
opencity_monash15_then_mixed_sharded_transfer_12_basicts_protocol,metr_la_five_percent_finetune,METR-LA_BasicTS,OpenCityFoundationModel,ForecastingTask,0.05,runs/opencity_monash15_then_mixed_sharded_transfer_12_basicts_protocol/checkpoints/latest.pt,runs/opencity_monash15_then_mixed_sharded_transfer_12_basicts_protocol,runs/opencity_monash15_then_mixed_sharded_transfer_12_basicts_protocol/results/stage_results.json,3,WindowDataModule,False,opencity_xd_mixed,checkpoint,,,,data/METR-LA_BasicTS/data.npz,data/METR-LA/adj.npz,12,12,8,4.074777282079061,71.54378014882406,7.65196634610494,,,4.074777282079061,8.374930651982625,5.175072181952391,,135.14036571923555,,11.932090612364487,,,,,,5.175072181952391,,9.083740509731669,,,,,,,,,,,,,,,,,,,,,,,,,,,,,,5.876338005205508,,162.06655806791588,,13.979666085935587,,,,,,5.876338005205508,,10.03328742132254,,,,,,,,,,,,,,,,,,,,,,,,,,,,,,,,,,,,,,,,,,,,,,,,,,,,,,,,,,,,,,,,,,,,,,,,,,,,,,,,,,,,,,,,,,,,,,,,,,,,,,,,,,,,,,,,,,,,,,,,,,,,,,,,,,,,,,,,,,,,,,,,,,,,,,,,,,,,,,,,,,,,,,,,,,,,,,,,,,,,,,,,,,,,,,,,,,,,,,,,,,,,,,,,,,,,,,,
opencity_monash15_then_mixed_sharded_transfer_12_basicts_protocol,metr_la_ten_percent_finetune,METR-LA_BasicTS,OpenCityFoundationModel,ForecastingTask,0.1,runs/opencity_monash15_then_mixed_sharded_transfer_12_basicts_protocol/checkpoints/latest.pt,runs/opencity_monash15_then_mixed_sharded_transfer_12_basicts_protocol,runs/opencity_monash15_then_mixed_sharded_transfer_12_basicts_protocol/results/stage_results.json,4,WindowDataModule,False,opencity_xd_mixed,checkpoint,,,,data/METR-LA_BasicTS/data.npz,data/METR-LA/adj.npz,12,12,8,5.792389578819275,155.72283983866373,13.57853167215983,,,5.792389578819275,11.954676845868429,5.1814821242166795,,134.59885350639271,,11.911424926748857,,,,,,5.1814821242166795,,9.046300388837643,,,,,,,,,,,,,,,,,,,,,,,,,,,,,,5.834555093382225,,160.94867432592065,,13.8819889195909,,,,,,5.834555093382225,,9.935963544410063,,,,,,,,,,,,,,,,,,,,,,,,,,,,,,,,,,,,,,,,,,,,,,,,,,,,,,,,,,,,,,,,,,,,,,,,,,,,,,,,,,,,,,,,,,,,,,,,,,,,,,,,,,,,,,,,,,,,,,,,,,,,,,,,,,,,,,,,,,,,,,,,,,,,,,,,,,,,,,,,,,,,,,,,,,,,,,,,,,,,,,,,,,,,,,,,,,,,,,,,,,,,,,,,,,,,,,,
opencity_monash15_then_mixed_sharded_transfer_12_basicts_protocol,pems03_zero_shot,PEMS03_BasicTS,OpenCityFoundationModel,ForecastingTask,,runs/opencity_monash15_then_mixed_sharded_transfer_12_basicts_protocol/checkpoints/latest.pt,runs/opencity_monash15_then_mixed_sharded_transfer_12_basicts_protocol,runs/opencity_monash15_then_mixed_sharded_transfer_12_basicts_protocol/results/stage_results.json,5,WindowDataModule,True,opencity_xd_mixed,checkpoint,,,,data/PEMS03_BasicTS/data.npz,data/PEMS03/adj.npz,12,12,8,,,,,,,,29.207594278578007,,,,29.207594278578007,,,,,,29.207594278578007,,39.94397501047318,,,,,,,,,,,,,,,,,,,,,,,,,,,,,,28.639957299458853,,,,28.639957299458853,,,,,,28.639957299458853,,39.861939758838226,,,,,,,,,,,,,,,,,,,,,,,,,,,,,,,,,,,,,,,,,,,,,,,,,,,,,,,,,,,,,,,,,,,,,,,,,,,,,,,,,,,,,,,,,,,,,,,,,,,,,,,,,,,,,,,,,,,,,,,,,,,,,,,,,,,,,,,,,,,,,,,,,,,,,,,,,,,,,,,,,,,,,,,,,,,,,,,,,,,,,,,,,,,,,,,,,,,,,,,,,,,,,,,,,,,,,,,
opencity_monash15_then_mixed_sharded_transfer_12_basicts_protocol,pems03_five_percent_finetune,PEMS03_BasicTS,OpenCityFoundationModel,ForecastingTask,0.05,runs/opencity_monash15_then_mixed_sharded_transfer_12_basicts_protocol/checkpoints/latest.pt,runs/opencity_monash15_then_mixed_sharded_transfer_12_basicts_protocol,runs/opencity_monash15_then_mixed_sharded_transfer_12_basicts_protocol/results/stage_results.json,6,WindowDataModule,False,opencity_xd_mixed,checkpoint,,,,data/PEMS03_BasicTS/data.npz,data/PEMS03/adj.npz,12,12,8,19.769351805099333,804.4337130459872,59.99103808162188,,,19.769351805099333,28.244369776562007,24.538832782786255,,1397.803993540555,,94.42903394830537,,,,,,24.538832782786255,,34.39052720529927,,,,,,,,,,,,,,,,,,,,,,,,,,,,,,23.897803952098805,,1431.8786683951548,,95.49173873562543,,,,,,23.897803952098805,,34.5093866248956,,,,,,,,,,,,,,,,,,,,,,,,,,,,,,,,,,,,,,,,,,,,,,,,,,,,,,,,,,,,,,,,,,,,,,,,,,,,,,,,,,,,,,,,,,,,,,,,,,,,,,,,,,,,,,,,,,,,,,,,,,,,,,,,,,,,,,,,,,,,,,,,,,,,,,,,,,,,,,,,,,,,,,,,,,,,,,,,,,,,,,,,,,,,,,,,,,,,,,,,,,,,,,,,,,,,,,,
opencity_monash15_then_mixed_sharded_transfer_12_basicts_protocol,pems03_ten_percent_finetune,PEMS03_BasicTS,OpenCityFoundationModel,ForecastingTask,0.1,runs/opencity_monash15_then_mixed_sharded_transfer_12_basicts_protocol/checkpoints/latest.pt,runs/opencity_monash15_then_mixed_sharded_transfer_12_basicts_protocol,runs/opencity_monash15_then_mixed_sharded_transfer_12_basicts_protocol/results/stage_results.json,7,WindowDataModule,False,opencity_xd_mixed,checkpoint,,,,data/PEMS03_BasicTS/data.npz,data/PEMS03/adj.npz,12,12,8,23.105063907991205,1244.3821578437303,85.32417310918044,,,23.105063907991205,34.7623497144825,24.273146132780255,,1352.310196530399,,91.88865740485433,,,,,,24.273146132780255,,33.895220905496735,,,,,,,,,,,,,,,,,,,,,,,,,,,,,,23.671879892509892,,1379.4311801039971,,92.64344007424884,,,,,,23.671879892509892,,33.96961841758506,,,,,,,,,,,,,,,,,,,,,,,,,,,,,,,,,,,,,,,,,,,,,,,,,,,,,,,,,,,,,,,,,,,,,,,,,,,,,,,,,,,,,,,,,,,,,,,,,,,,,,,,,,,,,,,,,,,,,,,,,,,,,,,,,,,,,,,,,,,,,,,,,,,,,,,,,,,,,,,,,,,,,,,,,,,,,,,,,,,,,,,,,,,,,,,,,,,,,,,,,,,,,,,,,,,,,,,
opencity_monash15_then_mixed_sharded_transfer_12_basicts_protocol,pems04_zero_shot,PEMS04_BasicTS,OpenCityFoundationModel,ForecastingTask,,runs/opencity_monash15_then_mixed_sharded_transfer_12_basicts_protocol/checkpoints/latest.pt,runs/opencity_monash15_then_mixed_sharded_transfer_12_basicts_protocol,runs/opencity_monash15_then_mixed_sharded_transfer_12_basicts_protocol/results/stage_results.json,8,WindowDataModule,True,opencity_xd_mixed,checkpoint,,,,data/PEMS04_BasicTS/data.npz,data/PEMS04/adj.npz,12,12,8,,,,,,,,37.21557198655549,,,,37.21557198655549,,,,,,37.21557198655549,,51.16027787285393,,,,,,,,,,,,,,,,,,,,,,,,,,,,,,36.31464448811319,,,,36.31464448811319,,,,,,36.31464448811319,,49.620438752016184,,,,,,,,,,,,,,,,,,,,,,,,,,,,,,,,,,,,,,,,,,,,,,,,,,,,,,,,,,,,,,,,,,,,,,,,,,,,,,,,,,,,,,,,,,,,,,,,,,,,,,,,,,,,,,,,,,,,,,,,,,,,,,,,,,,,,,,,,,,,,,,,,,,,,,,,,,,,,,,,,,,,,,,,,,,,,,,,,,,,,,,,,,,,,,,,,,,,,,,,,,,,,,,,,,,,,,,
opencity_monash15_then_mixed_sharded_transfer_12_basicts_protocol,pems04_five_percent_finetune,PEMS04_BasicTS,OpenCityFoundationModel,ForecastingTask,0.05,runs/opencity_monash15_then_mixed_sharded_transfer_12_basicts_protocol/checkpoints/latest.pt,runs/opencity_monash15_then_mixed_sharded_transfer_12_basicts_protocol,runs/opencity_monash15_then_mixed_sharded_transfer_12_basicts_protocol/results/stage_results.json,9,WindowDataModule,False,opencity_xd_mixed,checkpoint,,,,data/PEMS04_BasicTS/data.npz,data/PEMS04/adj.npz,12,12,8,27.44135671854019,1647.1307373046875,109.79789519309998,,,27.44135671854019,40.34582355618477,31.907757478867662,,2305.955309754864,,147.20552499599367,,,,,,31.907757478867662,,45.54703619581828,,,,,,,,,,,,,,,,,,,,,,,,,,,,,,30.73152346407633,,2114.994219160758,,136.4812365391808,,,,,,30.73152346407633,,43.49783655817475,,,,,,,,,,,,,,,,,,,,,,,,,,,,,,,,,,,,,,,,,,,,,,,,,,,,,,,,,,,,,,,,,,,,,,,,,,,,,,,,,,,,,,,,,,,,,,,,,,,,,,,,,,,,,,,,,,,,,,,,,,,,,,,,,,,,,,,,,,,,,,,,,,,,,,,,,,,,,,,,,,,,,,,,,,,,,,,,,,,,,,,,,,,,,,,,,,,,,,,,,,,,,,,,,,,,,,,
opencity_monash15_then_mixed_sharded_transfer_12_basicts_protocol,pems04_ten_percent_finetune,PEMS04_BasicTS,OpenCityFoundationModel,ForecastingTask,0.1,runs/opencity_monash15_then_mixed_sharded_transfer_12_basicts_protocol/checkpoints/latest.pt,runs/opencity_monash15_then_mixed_sharded_transfer_12_basicts_protocol,runs/opencity_monash15_then_mixed_sharded_transfer_12_basicts_protocol/results/stage_results.json,10,WindowDataModule,False,opencity_xd_mixed,checkpoint,,,,data/PEMS04_BasicTS/data.npz,data/PEMS04/adj.npz,12,12,8,28.446562878787518,1793.6403412818909,118.12858122587204,,,28.446562878787518,42.139830723404884,31.744976032401713,,2269.96216478393,,145.2430861730711,,,,,,31.744976032401713,,45.25119361154276,,,,,,,,,,,,,,,,,,,,,,,,,,,,,,30.61219973812736,,2085.858891202375,,134.90514573553727,,,,,,30.61219973812736,,43.253716554686925,,,,,,,,,,,,,,,,,,,,,,,,,,,,,,,,,,,,,,,,,,,,,,,,,,,,,,,,,,,,,,,,,,,,,,,,,,,,,,,,,,,,,,,,,,,,,,,,,,,,,,,,,,,,,,,,,,,,,,,,,,,,,,,,,,,,,,,,,,,,,,,,,,,,,,,,,,,,,,,,,,,,,,,,,,,,,,,,,,,,,,,,,,,,,,,,,,,,,,,,,,,,,,,,,,,,,,,
opencity_monash15_then_mixed_sharded_transfer_12_basicts_protocol,pems07_zero_shot,PEMS07_BasicTS,OpenCityFoundationModel,ForecastingTask,,runs/opencity_monash15_then_mixed_sharded_transfer_12_basicts_protocol/checkpoints/latest.pt,runs/opencity_monash15_then_mixed_sharded_transfer_12_basicts_protocol,runs/opencity_monash15_then_mixed_sharded_transfer_12_basicts_protocol/results/stage_results.json,11,WindowDataModule,True,opencity_xd_mixed,checkpoint,,,,data/PEMS07_BasicTS/data.npz,data/PEMS07/adj.npz,12,12,8,,,,,,,,38.88286763404206,,,,38.88286763404206,,,,,,38.88286763404206,,53.195452775588926,,,,,,,,,,,,,,,,,,,,,,,,,,,,,,39.094980204597135,,,,39.094980204597135,,,,,,39.094980204597135,,53.445219872855866,,,,,,,,,,,,,,,,,,,,,,,,,,,,,,,,,,,,,,,,,,,,,,,,,,,,,,,,,,,,,,,,,,,,,,,,,,,,,,,,,,,,,,,,,,,,,,,,,,,,,,,,,,,,,,,,,,,,,,,,,,,,,,,,,,,,,,,,,,,,,,,,,,,,,,,,,,,,,,,,,,,,,,,,,,,,,,,,,,,,,,,,,,,,,,,,,,,,,,,,,,,,,,,,,,,,,,,
opencity_monash15_then_mixed_sharded_transfer_12_basicts_protocol,pems07_five_percent_finetune,PEMS07_BasicTS,OpenCityFoundationModel,ForecastingTask,0.05,runs/opencity_monash15_then_mixed_sharded_transfer_12_basicts_protocol/checkpoints/latest.pt,runs/opencity_monash15_then_mixed_sharded_transfer_12_basicts_protocol,runs/opencity_monash15_then_mixed_sharded_transfer_12_basicts_protocol/results/stage_results.json,12,WindowDataModule,False,opencity_xd_mixed,checkpoint,,,,data/PEMS07_BasicTS/data.npz,data/PEMS07/adj.npz,12,12,8,35.163271454145324,2743.0474565613945,172.31564647746535,,,35.163271454145324,52.07057571411133,32.535781258030944,,2282.1260158924088,,146.64208375000175,,,,,,32.535781258030944,,46.170545043511204,,,,,,,,,,,,,,,,,,,,,,,,,,,,,,32.77268653234751,,2302.026732573638,,147.87402487818582,,,,,,32.77268653234751,,46.45459152048038,,,,,,,,,,,,,,,,,,,,,,,,,,,,,,,,,,,,,,,,,,,,,,,,,,,,,,,,,,,,,,,,,,,,,,,,,,,,,,,,,,,,,,,,,,,,,,,,,,,,,,,,,,,,,,,,,,,,,,,,,,,,,,,,,,,,,,,,,,,,,,,,,,,,,,,,,,,,,,,,,,,,,,,,,,,,,,,,,,,,,,,,,,,,,,,,,,,,,,,,,,,,,,,,,,,,,,,
opencity_monash15_then_mixed_sharded_transfer_12_basicts_protocol,pems07_ten_percent_finetune,PEMS07_BasicTS,OpenCityFoundationModel,ForecastingTask,0.1,runs/opencity_monash15_then_mixed_sharded_transfer_12_basicts_protocol/checkpoints/latest.pt,runs/opencity_monash15_then_mixed_sharded_transfer_12_basicts_protocol,runs/opencity_monash15_then_mixed_sharded_transfer_12_basicts_protocol/results/stage_results.json,13,WindowDataModule,False,opencity_xd_mixed,checkpoint,,,,data/PEMS07_BasicTS/data.npz,data/PEMS07/adj.npz,12,12,8,34.224122488273764,2592.071314973651,163.82769052037654,,,34.224122488273764,50.60996284124986,32.19846510581916,,2249.4267118841963,,144.66980256939343,,,,,,32.19846510581916,,45.7760520734285,,,,,,,,,,,,,,,,,,,,,,,,,,,,,,32.45260912188426,,2270.738135564378,,145.98951772470053,,,,,,32.45260912188426,,46.07645628971192,,,,,,,,,,,,,,,,,,,,,,,,,,,,,,,,,,,,,,,,,,,,,,,,,,,,,,,,,,,,,,,,,,,,,,,,,,,,,,,,,,,,,,,,,,,,,,,,,,,,,,,,,,,,,,,,,,,,,,,,,,,,,,,,,,,,,,,,,,,,,,,,,,,,,,,,,,,,,,,,,,,,,,,,,,,,,,,,,,,,,,,,,,,,,,,,,,,,,,,,,,,,,,,,,,,,,,,
opencity_monash15_then_mixed_sharded_transfer_12_basicts_protocol,pems08_zero_shot,PEMS08_BasicTS,OpenCityFoundationModel,ForecastingTask,,runs/opencity_monash15_then_mixed_sharded_transfer_12_basicts_protocol/checkpoints/latest.pt,runs/opencity_monash15_then_mixed_sharded_transfer_12_basicts_protocol,runs/opencity_monash15_then_mixed_sharded_transfer_12_basicts_protocol/results/stage_results.json,14,WindowDataModule,True,opencity_xd_mixed,checkpoint,,,,data/PEMS08_BasicTS/data.npz,data/PEMS08/adj.npz,12,12,8,,,,,,,,31.77302298459921,,,,31.77302298459921,,,,,,31.77302298459921,,44.382039967957915,,,,,,,,,,,,,,,,,,,,,,,,,,,,,,31.038821551176877,,,,31.038821551176877,,,,,,31.038821551176877,,42.9725617116636,,,,,,,,,,,,,,,,,,,,,,,,,,,,,,,,,,,,,,,,,,,,,,,,,,,,,,,,,,,,,,,,,,,,,,,,,,,,,,,,,,,,,,,,,,,,,,,,,,,,,,,,,,,,,,,,,,,,,,,,,,,,,,,,,,,,,,,,,,,,,,,,,,,,,,,,,,,,,,,,,,,,,,,,,,,,,,,,,,,,,,,,,,,,,,,,,,,,,,,,,,,,,,,,,,,,,,,
opencity_monash15_then_mixed_sharded_transfer_12_basicts_protocol,pems08_five_percent_finetune,PEMS08_BasicTS,OpenCityFoundationModel,ForecastingTask,0.05,runs/opencity_monash15_then_mixed_sharded_transfer_12_basicts_protocol/checkpoints/latest.pt,runs/opencity_monash15_then_mixed_sharded_transfer_12_basicts_protocol,runs/opencity_monash15_then_mixed_sharded_transfer_12_basicts_protocol/results/stage_results.json,15,WindowDataModule,False,opencity_xd_mixed,checkpoint,,,,data/PEMS08_BasicTS/data.npz,data/PEMS08/adj.npz,12,12,8,24.656156539916992,1336.7153921554338,91.4919282144575,,,24.656156539916992,36.40021699933863,26.544584800531197,,1563.841882997805,,104.73668014251434,,,,,,26.544584800531197,,37.721526886965776,,,,,,,,,,,,,,,,,,,,,,,,,,,,,,25.618819689965463,,1435.407009021656,,97.38917124808371,,,,,,25.618819689965463,,35.942036499848236,,,,,,,,,,,,,,,,,,,,,,,,,,,,,,,,,,,,,,,,,,,,,,,,,,,,,,,,,,,,,,,,,,,,,,,,,,,,,,,,,,,,,,,,,,,,,,,,,,,,,,,,,,,,,,,,,,,,,,,,,,,,,,,,,,,,,,,,,,,,,,,,,,,,,,,,,,,,,,,,,,,,,,,,,,,,,,,,,,,,,,,,,,,,,,,,,,,,,,,,,,,,,,,,,,,,,,,
opencity_monash15_then_mixed_sharded_transfer_12_basicts_protocol,pems08_ten_percent_finetune,PEMS08_BasicTS,OpenCityFoundationModel,ForecastingTask,0.1,runs/opencity_monash15_then_mixed_sharded_transfer_12_basicts_protocol/checkpoints/latest.pt,runs/opencity_monash15_then_mixed_sharded_transfer_12_basicts_protocol,runs/opencity_monash15_then_mixed_sharded_transfer_12_basicts_protocol/results/stage_results.json,16,WindowDataModule,False,opencity_xd_mixed,checkpoint,,,,data/PEMS08_BasicTS/data.npz,data/PEMS08/adj.npz,12,12,8,22.96045828577298,1173.012243014663,81.6110713730997,,,22.96045828577298,34.06283478238689,26.21183571299991,,1547.3279624801498,,103.57823493459203,,,,,,26.21183571299991,,37.3836798990095,,,,,,,,,,,,,,,,,,,,,,,,,,,,,,25.267493116963017,,1417.0620757094375,,96.12059830760097,,,,,,25.267493116963017,,35.56611608599757,,,,,,,,,,,,,,,,,,,,,,,,,,,,,,,,,,,,,,,,,,,,,,,,,,,,,,,,,,,,,,,,,,,,,,,,,,,,,,,,,,,,,,,,,,,,,,,,,,,,,,,,,,,,,,,,,,,,,,,,,,,,,,,,,,,,,,,,,,,,,,,,,,,,,,,,,,,,,,,,,,,,,,,,,,,,,,,,,,,,,,,,,,,,,,,,,,,,,,,,,,,,,,,,,,,,,,,
opencity_monash15_then_mixed_sharded_transfer_12_basicts_protocol,pems_bay_zero_shot,PEMS-BAY_BasicTS,OpenCityFoundationModel,ForecastingTask,,runs/opencity_monash15_then_mixed_sharded_transfer_12_basicts_protocol/checkpoints/latest.pt,runs/opencity_monash15_then_mixed_sharded_transfer_12_basicts_protocol,runs/opencity_monash15_then_mixed_sharded_transfer_12_basicts_protocol/results/stage_results.json,17,WindowDataModule,True,opencity_xd_mixed,checkpoint,,,,data/PEMS-BAY_BasicTS/data.npz,data/PEMS-BAY/adj.npz,12,12,8,,,,,,,,3.2524568439448376,,,,3.2524568439448376,,,,,,3.2524568439448376,,5.261715855179656,,,,,,,,,,,,,,,,,,,,,,,,,,,,,,2.9700816626918947,,,,2.9700816626918947,,,,,,2.9700816626918947,,4.800610975519132,,,,,,,,,,,,,,,,,,,,,,,,,,,,,,,,,,,,,,,,,,,,,,,,,,,,,,,,,,,,,,,,,,,,,,,,,,,,,,,,,,,,,,,,,,,,,,,,,,,,,,,,,,,,,,,,,,,,,,,,,,,,,,,,,,,,,,,,,,,,,,,,,,,,,,,,,,,,,,,,,,,,,,,,,,,,,,,,,,,,,,,,,,,,,,,,,,,,,,,,,,,,,,,,,,,,,,,
opencity_monash15_then_mixed_sharded_transfer_12_basicts_protocol,pems_bay_five_percent_finetune,PEMS-BAY_BasicTS,OpenCityFoundationModel,ForecastingTask,0.05,runs/opencity_monash15_then_mixed_sharded_transfer_12_basicts_protocol/checkpoints/latest.pt,runs/opencity_monash15_then_mixed_sharded_transfer_12_basicts_protocol,runs/opencity_monash15_then_mixed_sharded_transfer_12_basicts_protocol/results/stage_results.json,18,WindowDataModule,False,opencity_xd_mixed,checkpoint,,,,data/PEMS-BAY_BasicTS/data.npz,data/PEMS-BAY/adj.npz,12,12,8,2.0103834768136344,19.613199639738653,2.991043477727656,,,2.0103834768136344,4.28612611220594,2.5984747618299053,,33.24138311318514,,4.260543940798343,,,,,,2.5984747618299053,,4.753423903315387,,,,,,,,,,,,,,,,,,,,,,,,,,,,,,2.3413082487211145,,26.907355805619876,,3.686676068868571,,,,,,2.3413082487211145,,4.286782493781897,,,,,,,,,,,,,,,,,,,,,,,,,,,,,,,,,,,,,,,,,,,,,,,,,,,,,,,,,,,,,,,,,,,,,,,,,,,,,,,,,,,,,,,,,,,,,,,,,,,,,,,,,,,,,,,,,,,,,,,,,,,,,,,,,,,,,,,,,,,,,,,,,,,,,,,,,,,,,,,,,,,,,,,,,,,,,,,,,,,,,,,,,,,,,,,,,,,,,,,,,,,,,,,,,,,,,,,
opencity_monash15_then_mixed_sharded_transfer_12_basicts_protocol,pems_bay_ten_percent_finetune,PEMS-BAY_BasicTS,OpenCityFoundationModel,ForecastingTask,0.1,runs/opencity_monash15_then_mixed_sharded_transfer_12_basicts_protocol/checkpoints/latest.pt,runs/opencity_monash15_then_mixed_sharded_transfer_12_basicts_protocol,runs/opencity_monash15_then_mixed_sharded_transfer_12_basicts_protocol/results/stage_results.json,19,WindowDataModule,False,opencity_xd_mixed,checkpoint,,,,data/PEMS-BAY_BasicTS/data.npz,data/PEMS-BAY/adj.npz,12,12,8,2.25138645959005,23.410155415012124,3.4218942588358594,,,2.25138645959005,4.695246993972544,2.5833732930280395,,33.147748284788086,,4.240760737832044,,,,,,2.5833732930280395,,4.743826283512203,,,,,,,,,,,,,,,,,,,,,,,,,,,,,,2.3260092904345977,,26.78959729917044,,3.665489174144988,,,,,,2.3260092904345977,,4.2748939164504005,,,,,,,,,,,,,,,,,,,,,,,,,,,,,,,,,,,,,,,,,,,,,,,,,,,,,,,,,,,,,,,,,,,,,,,,,,,,,,,,,,,,,,,,,,,,,,,,,,,,,,,,,,,,,,,,,,,,,,,,,,,,,,,,,,,,,,,,,,,,,,,,,,,,,,,,,,,,,,,,,,,,,,,,,,,,,,,,,,,,,,,,,,,,,,,,,,,,,,,,,,,,,,,,,,,,,,,
